title,text
"Researchers publish a study","Researchers published a peer-reviewed study describing their methods, observations, limitations, and conclusions."
"Weather agency releases forecast","The national weather agency released a forecast based on observed atmospheric conditions and numerical weather models."
"University opens research laboratory","A university announced the opening of a research laboratory focused on computer science and artificial intelligence."
"Public transport service expands","The transport authority announced an expansion of service with additional routes and revised schedules."
"Company reports quarterly results","The company released its quarterly financial results and described revenue, expenses, and operating performance."
"Scientists test a new material","Researchers conducted laboratory tests on a new material and reported measured properties in a scientific publication."
"City announces road maintenance","The municipal authority announced a road maintenance project and provided information about affected streets."
"Hospital opens new department","A hospital announced a new department and described the services that will be provided to patients."
"Space agency schedules mission","The space agency announced a planned mission and published information about its objectives and launch schedule."
"Researchers study plant disease","Agricultural researchers studied a plant disease and reported experimental findings about infection and management."
"Library launches digital service","The public library announced a digital service allowing registered users to access additional resources online."
"School announces examination schedule","The school administration published examination dates and instructions for students."
